Nitrogen,Phosphorus,Potassium,Temperature,Humidity,Moisture,pH,Crop,Soil_Type,Fertilizer
23.3,53.6,64.6,21.8,73.1,55.5,7.6,Rice,Loamy,Urea
10.1,63.1,58.7,21.7,62.7,26.2,6.2,Wheat,Loamy,Urea
23.6,66.1,63.3,28.0,76.4,25.3,7.4,Maize,Loamy,Urea
24.8,61.2,61.7,34.3,55.1,29.2,6.0,Rice,Clay,Urea
28.3,67.5,77.4,30.4,64.1,68.8,6.6,Wheat,Clay,Urea
21.2,72.9,72.8,32.6,66.0,56.7,5.9,Maize,Clay,Urea
13.5,59.9,59.9,22.0,44.5,37.5,7.1,Rice,Sandy,Urea
16.8,61.9,63.0,22.5,82.1,54.2,7.0,Wheat,Sandy,Urea
12.1,70.5,61.9,24.5,84.5,53.8,6.9,Maize,Sandy,Urea
24.4,73.2,76.6,21.9,41.4,39.2,6.3,Rice,Loamy,Urea
13.1,75.6,79.0,23.3,69.5,42.8,7.6,Wheat,Loamy,Urea
19.0,59.4,63.9,27.5,51.8,51.3,7.6,Maize,Loamy,Urea
17.6,58.3,81.9,26.7,44.1,27.1,6.0,Rice,Clay,Urea
23.1,72.0,68.1,19.1,57.2,69.8,6.9,Wheat,Clay,Urea
31.3,73.7,58.3,30.3,70.7,49.2,6.3,Maize,Clay,Urea
23.4,55.7,68.4,25.7,82.9,64.4,6.3,Rice,Sandy,Urea
20.0,57.3,79.9,32.8,53.4,53.8,7.0,Wheat,Sandy,Urea
11.7,71.3,70.9,31.2,63.9,25.0,6.4,Maize,Sandy,Urea
8.5,75.3,79.1,32.1,53.8,27.6,7.6,Rice,Loamy,Urea
30.7,55.1,69.7,19.2,74.2,59.5,6.1,Wheat,Loamy,Urea
19.4,66.2,64.4,32.8,59.0,34.5,6.9,Maize,Loamy,Urea
25.5,57.8,65.5,34.9,69.2,44.7,6.8,Rice,Clay,Urea
10.9,58.4,66.1,28.0,50.4,34.9,5.9,Wheat,Clay,Urea
23.1,58.5,79.7,32.6,43.2,35.7,7.1,Maize,Clay,Urea
58.1,9.2,75.5,27.7,61.3,60.3,7.4,Rice,Loamy,DAP
57.6,8.3,63.3,25.2,61.0,57.8,7.1,Wheat,Loamy,DAP
76.6,8.4,62.7,23.8,78.8,36.2,6.2,Maize,Loamy,DAP
63.8,16.1,59.7,22.2,81.5,44.9,7.5,Rice,Clay,DAP
66.2,7.2,77.0,32.2,83.6,66.7,7.5,Wheat,Clay,DAP
57.0,17.7,58.1,24.8,42.6,42.1,7.8,Maize,Clay,DAP
59.4,24.8,63.9,25.2,83.1,69.8,6.9,Rice,Sandy,DAP
70.2,9.7,60.1,34.5,66.1,49.4,7.3,Wheat,Sandy,DAP
54.4,20.0,65.1,32.5,47.1,68.2,6.0,Maize,Sandy,DAP
57.5,20.3,69.2,22.0,45.4,65.1,6.3,Rice,Loamy,DAP
67.3,20.9,63.1,27.9,63.5,67.1,6.2,Wheat,Loamy,DAP
70.2,11.7,62.5,29.4,53.5,39.2,7.3,Maize,Loamy,DAP
54.7,17.0,77.0,34.9,43.3,34.6,6.3,Rice,Clay,DAP
75.4,27.1,74.1,24.3,47.1,62.5,7.2,Wheat,Clay,DAP
67.7,29.7,68.7,18.1,76.8,38.5,7.1,Maize,Clay,DAP
75.5,9.2,55.8,19.8,64.9,37.3,7.0,Rice,Sandy,DAP
70.2,10.9,68.2,22.5,62.0,65.7,7.5,Wheat,Sandy,DAP
55.2,16.2,59.6,18.1,74.7,53.7,6.3,Maize,Sandy,DAP
70.8,19.2,63.3,18.2,43.4,64.7,7.6,Rice,Loamy,DAP
66.1,26.0,67.0,20.5,45.7,38.9,7.6,Wheat,Loamy,DAP
72.1,26.7,74.6,21.6,51.2,29.6,7.4,Maize,Loamy,DAP
74.2,15.8,67.9,20.6,81.8,63.9,7.8,Rice,Clay,DAP
72.5,27.2,53.6,30.5,54.9,66.9,7.4,Wheat,Clay,DAP
73.7,25.5,59.4,31.4,44.9,64.2,7.5,Maize,Clay,DAP
58.3,72.6,17.0,23.2,75.8,35.2,5.8,Rice,Loamy,MOP
57.6,60.9,26.7,34.4,52.6,53.9,6.6,Wheat,Loamy,MOP
76.5,65.9,28.5,20.0,83.7,33.0,7.7,Maize,Loamy,MOP
59.4,55.6,16.4,30.4,54.1,52.3,6.8,Rice,Clay,MOP
62.2,66.8,12.1,30.0,40.1,66.7,6.9,Wheat,Clay,MOP
70.3,70.8,22.1,24.2,43.1,54.9,6.5,Maize,Clay,MOP
60.5,73.4,23.3,23.1,53.9,43.4,6.6,Rice,Sandy,MOP
60.1,56.1,16.1,34.0,70.5,65.6,7.0,Wheat,Sandy,MOP
60.2,66.2,6.0,22.9,59.3,51.1,7.1,Maize,Sandy,MOP
64.2,63.6,11.1,26.0,80.6,60.8,6.1,Rice,Loamy,MOP
55.0,65.4,21.2,23.7,76.8,58.8,7.1,Wheat,Loamy,MOP
58.4,57.8,6.6,22.2,61.4,63.2,5.9,Maize,Loamy,MOP
62.9,68.1,10.7,29.8,62.2,36.0,7.1,Rice,Clay,MOP
53.1,71.0,24.5,19.8,59.1,32.9,7.7,Wheat,Clay,MOP
65.4,54.2,12.0,32.4,60.5,61.1,7.1,Maize,Clay,MOP
76.7,67.3,28.8,33.2,67.6,57.4,6.8,Rice,Sandy,MOP
72.9,66.1,27.5,30.6,61.4,36.7,6.3,Wheat,Sandy,MOP
68.3,71.4,18.5,28.7,52.4,28.5,6.4,Maize,Sandy,MOP
59.5,60.7,19.0,20.4,50.4,56.2,7.2,Rice,Loamy,MOP
54.5,62.8,19.0,25.1,49.3,43.9,7.6,Wheat,Loamy,MOP
67.0,69.7,26.6,31.0,57.1,25.3,6.5,Maize,Loamy,MOP
71.1,73.5,28.9,25.1,73.6,49.6,7.0,Rice,Clay,MOP
58.3,58.3,16.5,18.5,55.1,55.6,6.6,Wheat,Clay,MOP
57.0,64.2,9.1,28.6,41.2,42.7,6.9,Maize,Clay,MOP
20.7,35.4,23.3,25.8,42.3,42.1,6.2,Rice,Loamy,NPK 19-19-19
27.8,38.3,29.1,30.8,77.4,36.4,6.0,Wheat,Loamy,NPK 19-19-19
20.5,32.9,44.0,23.9,69.3,60.2,7.1,Maize,Loamy,NPK 19-19-19
38.1,42.8,24.8,18.3,46.9,30.7,7.1,Rice,Clay,NPK 19-19-19
33.5,25.2,36.8,31.0,47.6,52.3,7.3,Wheat,Clay,NPK 19-19-19
22.7,39.7,43.2,19.8,41.2,39.0,7.2,Maize,Clay,NPK 19-19-19
43.0,29.5,37.2,19.3,71.1,53.2,6.0,Rice,Sandy,NPK 19-19-19
38.5,40.4,34.4,20.1,84.3,60.2,6.5,Wheat,Sandy,NPK 19-19-19
30.3,28.9,32.1,23.8,78.2,62.0,6.0,Maize,Sandy,NPK 19-19-19
43.1,35.3,39.9,30.0,59.6,58.0,7.7,Rice,Loamy,NPK 19-19-19
26.5,39.4,32.9,26.2,59.6,57.9,6.3,Wheat,Loamy,NPK 19-19-19
40.4,39.9,22.1,33.0,51.0,45.9,7.0,Maize,Loamy,NPK 19-19-19
29.1,20.7,40.4,21.1,49.5,60.9,6.5,Rice,Clay,NPK 19-19-19
41.1,36.8,26.6,18.2,82.7,28.9,7.2,Wheat,Clay,NPK 19-19-19
31.7,38.2,36.6,29.0,62.1,60.7,6.0,Maize,Clay,NPK 19-19-19
25.3,36.6,27.3,27.9,61.3,48.9,6.7,Rice,Sandy,NPK 19-19-19
37.9,27.9,36.9,22.6,51.3,30.4,6.2,Wheat,Sandy,NPK 19-19-19
22.9,32.9,38.3,21.1,49.7,46.8,7.2,Maize,Sandy,NPK 19-19-19
43.4,32.6,26.8,19.7,48.7,35.2,6.2,Rice,Loamy,NPK 19-19-19
20.3,32.8,26.6,34.6,64.9,56.4,6.1,Wheat,Loamy,NPK 19-19-19
40.8,31.8,40.9,27.8,61.1,44.8,6.2,Maize,Loamy,NPK 19-19-19
21.2,42.6,31.5,32.0,58.0,28.3,7.1,Rice,Clay,NPK 19-19-19
21.3,23.6,33.5,23.2,84.7,30.3,7.3,Wheat,Clay,NPK 19-19-19
34.6,39.0,25.4,26.9,60.3,44.9,7.5,Maize,Clay,NPK 19-19-19
